generated_at,target_date,status,forecast_cve,forecast_prices_array,p_ch_array,p_dis_array,soc_array
2026-03-07T09:42:17.501855+00:00,2025-04-01,optimal,0.0,"[5.841843608260787e-11, 2.9211768848811355e-11, 3.258634007765427e-11, 1.3330092076861366e-11, 1.882858402080563e-11, 3.053522778780564e-11, 2.5671706827782777e-11, 8.731788459689461e-12, 1.2051920285850846e-11, 1.496417240189795e-11, 1.4308118632593139e-11, 9.36919734536114e-12, 6.695677514110154e-12, 7.760970467777293e-12, 7.812256598574721e-12, 6.602540400260308e-12, 7.212835535591875e-12, 6.6728733024597685e-12, 4.897924793302367e-12, 7.419727088329662e-12, 8.104398221249476e-12, 7.3735522677727e-12, 4.515961954351794e-12, 5.882871729954375e-12]","[5.291695027398502e-12, 5.372413210536077e-12, 5.328908636010588e-12, 6.662405628442875e-12, 5.63915179751774e-12, 6.578243975273298e-12, 6.46265842888281e-12, 7.0299748738310974e-12, 6.343723226527287e-12, 4.889666251576699e-12, 6.00763475526096e-12, 7.591438306180717e-12, 1.3565791262689802e-11, 9.158052609011008e-12, 9.272121982456193e-12, 1.5798611371031876e-11, 8.545970165019336e-12, 9.763816847740248e-12, 9.386739871882224e-12, 8.699479853893172e-12, 9.672134313601521e-12, 1.298646364839124e-11, 9.464254992332428e-12, 1.220505941924874e-11]","[0.0, 4.9927308986479054e-11, 7.197339028329908e-11, 9.724906245519723e-11, 1.0280234230950467e-10, 1.1465074552641553e-10, 1.3662009383691152e-10, 1.540687968832758e-10, 1.5480995357169637e-10, 1.5942686449333846e-10, 1.6833638430372533e-10, 1.7543693456221565e-10, 1.7617124741502996e-10, 1.68076189529504e-10, 1.656409799064566e-10, 1.6313685429261067e-10, 1.5261601358590023e-10, 1.503198332626852e-10, 1.4623104112176954e-10, 1.408570598217774e-10, 1.386075962812444e-10, 1.3598697298083274e-10, 1.291858989270873e-10, 1.23384503208655e-10, 1.1600241588127274e-10]"
2026-03-07T09:44:39.381752+00:00,2025-04-01,optimal,0.0,"[5.841843608260787e-11, 2.9211768848811355e-11, 3.258634007765427e-11, 1.3330092076861366e-11, 1.882858402080563e-11, 3.053522778780564e-11, 2.5671706827782777e-11, 8.731788459689461e-12, 1.2051920285850846e-11, 1.496417240189795e-11, 1.4308118632593139e-11, 9.36919734536114e-12, 6.695677514110154e-12, 7.760970467777293e-12, 7.812256598574721e-12, 6.602540400260308e-12, 7.212835535591875e-12, 6.6728733024597685e-12, 4.897924793302367e-12, 7.419727088329662e-12, 8.104398221249476e-12, 7.3735522677727e-12, 4.515961954351794e-12, 5.882871729954375e-12]","[5.291695027398502e-12, 5.372413210536077e-12, 5.328908636010588e-12, 6.662405628442875e-12, 5.63915179751774e-12, 6.578243975273298e-12, 6.46265842888281e-12, 7.0299748738310974e-12, 6.343723226527287e-12, 4.889666251576699e-12, 6.00763475526096e-12, 7.591438306180717e-12, 1.3565791262689802e-11, 9.158052609011008e-12, 9.272121982456193e-12, 1.5798611371031876e-11, 8.545970165019336e-12, 9.763816847740248e-12, 9.386739871882224e-12, 8.699479853893172e-12, 9.672134313601521e-12, 1.298646364839124e-11, 9.464254992332428e-12, 1.220505941924874e-11]","[0.0, 4.9927308986479054e-11, 7.197339028329908e-11, 9.724906245519723e-11, 1.0280234230950467e-10, 1.1465074552641553e-10, 1.3662009383691152e-10, 1.540687968832758e-10, 1.5480995357169637e-10, 1.5942686449333846e-10, 1.6833638430372533e-10, 1.7543693456221565e-10, 1.7617124741502996e-10, 1.68076189529504e-10, 1.656409799064566e-10, 1.6313685429261067e-10, 1.5261601358590023e-10, 1.503198332626852e-10, 1.4623104112176954e-10, 1.408570598217774e-10, 1.386075962812444e-10, 1.3598697298083274e-10, 1.291858989270873e-10, 1.23384503208655e-10, 1.1600241588127274e-10]"
2026-03-07T09:47:01.177872+00:00,2026-03-08,optimal,0.0,"[2.4325225312345112e-12, 2.3156222395868485e-12, 1.1869459742656373e-11, 3.250484237340762e-11, 6.464833105974683e-12, 2.4750706868820713e-12, 2.214492502770777e-12, 2.047363839094467e-12, 1.2579692597818502e-11, 0.04638927025359242, 0.04335705228330708, 0.005330031556630554, 0.01573480806901217, 0.008001064532724067, 0.005545916330412454, 0.00598204166234972, 5.554925267320803e-11, 2.0604061233781633e-12, 7.101914316642526e-13, 7.681810571929939e-13, 8.704922553649287e-13, 9.754102949539353e-13, 1.109931573712983e-12, 1.3746555807859557e-12]","[7.651843428163029e-13, 8.357752957343105e-13, 8.524525708264175e-13, 8.881803335334217e-13, 7.699069178277138e-13, 8.292293355629334e-13, 8.232809922888008e-13, 8.260600352048618e-13, 6.114794227565986e-13, 4.823405907469229e-13, 4.645467136813509e-13, 5.18450538150724e-13, 5.297263926790948e-13, 5.185830858755484e-13, 5.091841724258815e-13, 5.149705682576904e-13, 5.361084008641118e-13, 8.214293675719516e-13, 0.11675401261325928, 3.8795396369782946e-11, 1.855145374663763e-12, 1.4187185718460516e-12, 2.81599948321865e-12, 1.052512253423894e-12]","[0.0, 1.505439201708256e-12, 2.824011420920042e-12, 1.3199855669415922e-11, 4.313132940160646e-11, 4.841936118832531e-11, 4.9849385994871864e-11, 5.103669291567892e-11, 5.206111499073997e-11, 6.33160992934067e-11, 0.04406980680365786, 0.08521493666550692, 0.09019325170709469, 0.10505112612039155, 0.11254708629981315, 0.11770315972686918, 0.12326839614583246, 0.12314512780189409, 0.12302198267518492, 4.764834360404535e-11, 7.493207928161026e-12, 6.359897757920323e-12, 5.786789670004378e-12, 3.871227893026286e-12, 4.065371831696871e-12]"
2026-03-08T21:21:57.524688+00:00,2026-03-09,optimal,0.0,"[117.25768611953119, 106.17780330729863, 95.02554344248432, 92.38945194924854, 94.1242365910447, 106.37671522189058, 123.27639036708005, 153.4115828201613, 114.41998239432992, 86.04449176199807, 69.79415915172206, 56.61212736565754, 38.86527357114149, 25.125086351485372, 21.052670390658758, 30.766722815849395, 37.61847436144045, 89.04943599500025, 152.45235108115256, 143.80969022913465, 139.7487135239834, 123.80558492792044, 118.25789188839913, 116.29644229792422]","[2.277829299719292e-11, 4.908401213882355e-11, 1.4029094711789198e-10, 8.755228849161155e-10, 1.3305249628171625e-10, 3.905140677708254e-11, 8.886902201618488e-12, 4.453739745461072e-12, 8.33827260130717e-12, 1.4970364532563327e-11, 4.909680984469866e-11, 0.009344635687308964, 0.2600567285672318, 0.455923583332163, 0.5148661149515738, 0.37825690890154123, 0.2823570017914267, 9.10758977386319e-12, 2.7612331255304366e-12, 3.0904296602285136e-12, 2.9716378511370074e-12, 4.199926254859291e-12, 4.527525337239517e-12, 4.742154730675372e-12]","[7.822874539613029e-12, 6.650080774082277e-12, 5.176273820315386e-12, 4.6710920837668725e-12, 4.953007011415761e-12, 6.260099145799292e-12, 9.145087254316529e-12, 1.088460398568734e-09, 1.0675272947385861e-11, 7.07635205318627e-12, 6.1382309327051e-12, 4.689814448779089e-12, 3.5018653646345214e-12, 2.9117457023532755e-12, 2.5764203525435835e-12, 2.807136089825941e-12, 3.458604464200235e-12, 1.0234340462121448e-11, 0.5150407310688842, 0.39115706230505126, 0.33230743616278957, 0.1056635494695148, 0.02666035760887032, 3.7388099198185016e-09]","[0.0, 1.340477356879324e-11, 5.302109530175705e-11, 1.8079576468391016e-10, 1.007444770553992e-09, 1.1276235056601045e-09, 1.157005140544463e-09, 1.1546642848593336e-09, 1.1992885365573926e-11, 8.665122033149257e-12, 1.5429511582118353e-11, 5.559475570436302e-11, 0.008877403953546031, 0.2559224186847765, 0.6887939004285816, 1.177227915729436, 1.535394751267216, 1.8020985082141634, 1.8002964097038285, 1.2563479753295015, 0.8433473512465275, 0.4927067026741149, 0.38098920706015205, 0.3525446835322664, 0.35219213491764984]"
2026-03-09T17:00:40.040165+00:00,2026-03-10,optimal,0.0,"[86.72824156435686, 85.10334291576109, 83.14635855118782, 90.98991051578601, 85.12432019140167, 91.85017980768185, 88.38356885438739, 96.50323664117488, 88.54573854490367, 86.34194304182883, 86.58098792004886, 97.28265727369447, 102.38134185451004, 96.57394451253585, 94.93574164387225, 100.57184666306037, 97.5205148182632, 98.56295465812563, 97.16780701818945, 95.05735482047793, 90.66907683429355, 93.48968111325219, 100.82441854294471, 97.79096731375378]","[5.841843608260787e-11, 2.9211768848811355e-11, 3.258634007765427e-11, 1.3330092076861366e-11, 1.882858402080563e-11, 3.053522778780564e-11, 2.5671706827782777e-11, 8.731788459689461e-12, 1.2051920285850846e-11, 1.496417240189795e-11, 1.4308118632593139e-11, 9.36919734536114e-12, 6.695677514110154e-12, 7.760970467777293e-12, 7.812256598574721e-12, 6.602540400260308e-12, 7.212835535591875e-12, 6.6728733024597685e-12, 4.897924793302367e-12, 7.419727088329662e-12, 8.104398221249476e-12, 7.3735522677727e-12, 4.515961954351794e-12, 5.882871729954375e-12]","[5.291695027398502e-12, 5.372413210536077e-12, 5.328908636010588e-12, 6.662405628442875e-12, 5.63915179751774e-12, 6.578243975273298e-12, 6.46265842888281e-12, 7.0299748738310974e-12, 6.343723226527287e-12, 4.889666251576699e-12, 6.00763475526096e-12, 7.591438306180717e-12, 1.3565791262689802e-11, 9.158052609011008e-12, 9.272121982456193e-12, 1.5798611371031876e-11, 8.545970165019336e-12, 9.763816847740248e-12, 9.386739871882224e-12, 8.699479853893172e-12, 9.672134313601521e-12, 1.298646364839124e-11, 9.464254992332428e-12, 1.220505941924874e-11]","[0.0, 4.9927308986479054e-11, 7.197339028329908e-11, 9.724906245519723e-11, 1.0280234230950467e-10, 1.1465074552641553e-10, 1.3662009383691152e-10, 1.540687968832758e-10, 1.5480995357169637e-10, 1.5942686449333846e-10, 1.6833638430372533e-10, 1.7543693456221565e-10, 1.7617124741502996e-10, 1.68076189529504e-10, 1.656409799064566e-10, 1.6313685429261067e-10, 1.5261601358590023e-10, 1.503198332626852e-10, 1.4623104112176954e-10, 1.408570598217774e-10, 1.386075962812444e-10, 1.3598697298083274e-10, 1.291858989270873e-10, 1.23384503208655e-10, 1.1600241588127274e-10]"
2026-03-10T11:05:30.143884+00:00,2026-03-11,optimal,0.0,"[97.81746847681856, 98.01110796323088, 92.17529168558737, 95.16228523977183, 99.44972449850913, 102.85849603240139, 113.58721744706621, 143.09853672688686, 146.21276027912523, 121.42572372336208, 108.63310381029493, 103.6561740655298, 97.02048713505292, 92.09488147834325, 93.58180096861115, 93.58180096861115, 94.13801596007535, 99.12777464090001, 110.17245884997173, 108.45820941005296, 104.3184735433816, 99.07524834394181, 96.27406561913749, 94.52379958953377]","[1.680651668755705e-12, 8.977382825424063e-13, 2.861083203996889e-12, 8.044573680821603e-13, 4.395258476599919e-13, 3.441012849118099e-13, 2.006808777439078e-13, 1.3592064137252483e-13, 1.6090842403037935e-13, 1.6329827665582985e-13, 2.0425387537946934e-13, 2.215142173154269e-13, 2.7529352384425945e-13, 3.492067643863228e-13, 2.926322330434031e-13, 4.4424440384666046e-13, 2.470680256102076e-13, 2.1134509797162253e-13, 2.1558273045233199e-13, 1.666858814280187e-13, 1.4443296544150496e-13, 1.5501162741225101e-13, 1.7585375981664049e-13, 1.7890122895853737e-13]","[1.1118321709077134e-13, 1.34276186435914e-13, 1.2220930586930327e-13, 1.3817791598382782e-13, 8.64691072050499e-14, 8.6590001857954e-14, 1.2341902688949422e-13, 1.2466482938126153e-12, 3.582416046533882e-12, 1.5653061014795789e-13, 9.769465155433186e-14, 8.689710133401369e-14, 1.1814567696438218e-13, 9.409073990453455e-14, 1.0277870833193864e-13, 1.0542560273394034e-13, 1.0541168510046054e-13, 1.230937265124137e-13, 1.873036681993672e-13, 1.8301781316350403e-13, 1.7372884121510635e-13, 1.4996030990580095e-13, 1.4299596883159532e-13, 1.4069480999486772e-13]","[0.0, 1.4795841199592128e-12, 2.1896125501114725e-12, 4.776810606759139e-12, 5.390817857952719e-12, 5.711956482524338e-12, 5.9419933763312395e-12, 5.996783451664785e-12, 4.807649915609003e-12, 1.1847410090129053e-12, 1.1739205675132907e-12, 1.263951353235924e-12, 1.381655275349171e-12, 1.5174385972370451e-12, 1.7486247006967785e-12, 1.916688583353695e-12, 2.2258297597573634e-12, 2.3473588858005025e-12, 2.416217026290466e-12, 2.421442647194557e-12, 2.384722462258186e-12, 2.3366765925284036e-12, 2.3237480041819337e-12, 2.337963255549249e-12, 2.357481659809713e-12]"
2026-03-11T10:09:52.790346+00:00,2026-03-12,optimal,0.0,"[23.91180358679756, 21.265934916159132, 20.327324402045175, 19.403775136618435, 29.25928995745408, 35.546833088487226, 68.48440531112153, 92.60345152691305, 85.72972456857748, 59.476112807176854, 36.83094732819099, 27.16276703082507, 16.918462490086664, 14.82143886674095, 19.970603962368703, 29.471043361117314, 31.6788065955958, 46.72843699444154, 88.35520279446048, 67.80246289010819, 51.89234297166708, 44.034454130220055, 41.73039427623683, 31.507553121581065]","[0.026094281849923948, 0.0637363294345975, 0.07761445825233844, 0.09130286546121325, 1.0450628189146078e-10, 2.3087337289552824e-11, 5.7997522216060855e-12, 3.1671281258695956e-12, 4.9110250239503986e-12, 6.248367125166613e-12, 1.6279829112947402e-11, 9.22619634050944e-11, 0.06682017162245638, 0.0969304988641536, 0.025496482611026564, 3.458150261146508e-11, 2.3000759056165573e-11, 8.852678458651245e-12, 2.678150302199454e-12, 4.56745631309043e-12, 6.583703842839392e-12, 8.110335944495047e-12, 8.14701892304373e-12, 1.1894206601239398e-11]","[3.776878029379315e-12, 3.647700860024873e-12, 3.59738596993858e-12, 3.625611712332179e-12, 4.227642149492921e-12, 3.423343187533476e-12, 1.779454873315613e-11, 0.16492591212540744, 0.06733942020593472, 1.132927393032333e-11, 5.521983806844589e-12, 4.621243700306647e-12, 3.5000945863073115e-12, 3.314523765082319e-12, 3.840765928444441e-12, 4.701904177222472e-12, 4.870962766502036e-12, 9.174072341160492e-12, 0.16990619863373946, 3.7858656839643024e-11, 1.1090583762476653e-11, 8.387675518663857e-12, 8.241958341846875e-12, 6.228083844261207e-12]","[0.0, 0.024789567753452087, 0.08531429114472658, 0.15896271218951666, 0.2455414716616633, 0.24529593028483243, 0.24505063437287708, 0.24480558372528285, 0.07095455485466376, 8.770117965184454e-11, 8.162387573549747e-11, 9.119547498354138e-11, 1.7388867769044315e-10, 0.06347916321136403, 0.15549965796560963, 0.17956581678407635, 0.1793862509951953, 0.17920686476092348, 0.1790276578949157, 9.878664553042427e-11, 6.317572465638973e-11, 5.769276888508692e-11, 5.6510763138562797e-11, 5.551817472931907e-11, 6.020627509496591e-11]"
2026-03-12T10:09:56.804406+00:00,2026-03-13,optimal,0.0,"[2.5254582720124388, 7.645924744085016, 5.67377216902273, 3.6173531002687036, 9.437159104468167, 16.035869293892983, 32.63214289279849, 47.05021992541914, 53.42826666961023, 29.21526269079234, 11.971436131876327, 7.707150571033421, 4.227730750891749, 2.8455065698199875, 4.466812891310616, 4.466812891310616, 9.18385210190469, 16.067112561171008, 63.178828787441255, 49.446450918733916, 33.77276680264286, 17.759539452414437, 10.958561091745826, 9.317559894416831]","[0.027194550858690984, 4.508292887841593e-09, 1.3038240344135113e-08, 0.013322523995978637, 3.0400597379844516e-09, 1.2250133643562743e-09, 4.991852436384253e-10, 3.333015783308959e-10, 2.9472129489435965e-10, 5.733085414153424e-10, 1.9672721466916244e-09, 4.921122287660071e-09, 0.00859220149780263, 0.028038422499917785, 0.00615643749225967, 0.006554231085090151, 3.155217694336897e-09, 1.238779679890447e-09, 2.4687772887793544e-10, 3.084209538427714e-10, 4.399586738817105e-10, 7.171990716006943e-10, 8.916024095411408e-10, 8.413098397033163e-10]","[2.620247355110061e-10, 2.827185308365046e-10, 2.6967511719396365e-10, 2.554433451058555e-10, 3.559849900439956e-10, 3.8823793828989876e-10, 6.053312556609167e-10, 1.4436804933515407e-09, 3.866917438210392e-09, 5.320557532513649e-10, 3.0258932478069677e-10, 2.8418155188438213e-10, 2.610570375503427e-10, 2.6243301710779225e-10, 2.6380255892442717e-10, 2.9499634750756036e-10, 2.879355894359936e-10, 3.325160844060027e-10, 0.08026745476169629, 2.0939535569644994e-09, 1.419551267785407e-09, 4.2183614799743045e-10, 3.8888600689374784e-10, 4.0071580487450534e-10]","[0.0, 0.025834823039940922, 0.02580899220218077, 0.025783195312438376, 0.038413809644417915, 0.03837539834810921, 0.038337023704852285, 0.03829868651818263, 0.03826038662863727, 0.03822212245155445, 0.038183900313687326, 0.0381457179637671, 0.03810757662173103, 0.046232060193224914, 0.07282232923170831, 0.07859812224243638, 0.08474604334050712, 0.08466129999153332, 0.08457663951836555, 5.469490180209924e-09, 3.5528589572703474e-09, 2.4730023460950106e-09, 2.707830411245964e-09, 3.1427911784316986e-09, 3.517086624577201e-09]"
2026-03-13T09:03:28.777206+00:00,2026-03-14,optimal,0.0,"[3.135099662840567, 6.544062359835352, 7.707111140831341, 7.269476158416188, 13.403210497576774, 18.78946438481681, 25.313729286856674, 21.59335482902944, 12.745003567853443, 5.943396606263995, 0.4070779171249759, 0.9104033028443387, -0.031758275281336096, -1.2415616899473658, 1.8939327405786814, 3.6393373276115106, 7.602563041491832, 15.90736412255899, 75.25640591301513, 55.129328550946866, 30.527949784026305, 19.642558112780996, 12.979954715160918, 13.230786772809378]","[0.010858132179872509, 2.231690624657675e-09, 1.562292160773692e-09, 1.7859579243640615e-09, 6.212233181243961e-10, 3.899946967826253e-10, 2.764939602507611e-10, 3.380742292720402e-10, 6.727176551665529e-10, 3.373621952614477e-09, 0.05271666851764692, 0.04608217933160774, 0.05966845044769596, 0.07704299243721166, 0.03357300577104563, 0.00986146696681949, 1.8183087791638507e-09, 5.089062765506149e-10, 8.74382195016608e-11, 1.1838082672391348e-10, 1.9985833237141934e-10, 2.6143234900029833e-10, 2.9727947008405365e-10, 2.5250524193552884e-10]","[1.1152420331666305e-10, 1.1790832161269285e-10, 1.2169521705546637e-10, 1.2148032515671852e-10, 1.415242496828807e-10, 1.612544207637339e-10, 2.4721210140262914e-10, 2.5371941421345935e-10, 1.3293075298751036e-10, 1.2132439106045399e-10, 1.109510501887973e-10, 1.107771399132304e-10, 1.0700572270053335e-10, 1.0456735325497493e-10, 1.0961697443417607e-10, 1.1468414105463689e-10, 1.2644012136651457e-10, 1.5048549336546297e-10, 0.25988573084245453, 5.3189936934845125e-09, 2.3966078235846707e-10, 2.0553851683776503e-10, 1.8026585475691352e-10, 1.9970107506713005e-10]","[0.0, 0.010315225453484985, 0.010304912224023572, 0.010294608667876874, 0.010284315627994997, 0.010274031753556259, 0.010263757922556169, 0.01025349416707961, 0.010243240727009982, 0.010232997985437637, 0.010222768064683167, 0.06029338027159248, 0.10401115713974073, 0.16059217379527455, 0.23362242432675945, 0.2652831572695397, 0.27438626761002854, 0.274111882936717, 0.27383777137883547, 6.4879392414063375e-09, 9.94972357568951e-10, 9.315682932184755e-10, 9.626411229621037e-10, 1.0543404470959257e-09, 1.0829544285221822e-09]"
2026-03-14T08:57:11.365819+00:00,2026-03-15,optimal,0.0,"[127.03927575496004, 128.4323638935257, 111.06394930660326, 97.09068366306815, 92.41523605632946, 96.30472683498412, 108.75351064498872, 126.6024003136582, 129.7956402594435, 121.3486853151538, 116.44956815366996, 117.6544264143218, 117.79052216901258, 117.79052216901258, 118.8919011739839, 120.26934565286606, 122.01040114903763, 123.39530143533604, 141.22350986644227, 134.30205443249778, 127.57613515676253, 125.25571483795215, 127.95156961529199, 127.63152606521362]","[9.012493512815166e-12, 3.768662001588251e-12, 6.709870183404793e-12, 1.8298786657250125e-11, 7.234883369609862e-11, 1.6040984711466174e-11, 7.64339987439829e-12, 2.6807144037139985e-12, 2.7110164171858314e-12, 3.3888613513148704e-12, 3.966896053856217e-12, 3.3512924612031583e-12, 3.2971222082731346e-12, 3.2824857697001315e-12, 3.169437380897089e-12, 3.0941559672334986e-12, 3.0260069307431863e-12, 2.9883706985583063e-12, 2.2872578564951155e-12, 2.8233639451565853e-12, 3.4377000160227803e-12, 2.921071304523284e-12, 2.481228913879537e-12, 2.217487721784989e-12]","[1.8789140160951184e-12, 2.4157117379271162e-12, 2.1910089327238145e-12, 1.4577391763722673e-12, 1.1907334522948473e-12, 1.3139075305585154e-12, 2.1624526236251126e-12, 1.4064826996397141e-11, 6.258800447747708e-12, 1.808785619364952e-12, 2.2749000677285476e-12, 2.51555650956587e-12, 3.270690932823117e-12, 2.469040696864666e-12, 3.76712945155869e-12, 4.562911504726708e-12, 1.6635924753920095e-12, 2.787037193854389e-12, 1.2343517115266089e-11, 5.797689461015176e-12, 4.55269245607486e-11, 3.3486129893322975e-12, 4.5668214705178546e-12, 4.913083896003426e-12]","[0.0, 6.584064609705863e-12, 7.614854985629082e-12, 1.1675291612537148e-11, 2.7513001354394054e-11, 9.496347673033877e-11, 1.0872438817101866e-10, 1.1360062774392064e-10, 1.0122862475086591e-10, 9.711465072481242e-11, 9.833296949534731e-11, 9.96085561267748e-11, 1.0004472118819538e-10, 9.963411000400022e-11, 1.0005384716798539e-10, 9.899935940997627e-11, 9.703674347762053e-11, 9.806326334425208e-11, 9.787042888258624e-11, 8.695227750656759e-11, 8.344468996536485e-11, 3.870398180562259e-11, 3.791543978486956e-11, 3.5427511317988305e-11, 3.2327029883415075e-11]"
2026-03-15T09:00:09.131540+00:00,2026-03-16,optimal,0.0,"[80.55393082000036, 84.56217265382068, 92.50289248037492, 87.04910740380947, 99.31508030296273, 121.2849365847364, 150.98657963628057, 146.64167679655222, 128.60309979081808, 103.77366087926592, 92.24125502993759, 83.60703540165109, 77.32531252951942, 76.06212968203315, 79.4640221146548, 80.74342019801398, 81.98338724015115, 85.54442874412865, 110.96453720891556, 104.54491139131896, 97.95511394093234, 88.69231790938193, 78.53798908979743, 77.75415788060242]","[0.060517719803556046, 0.006422458542020522, 4.840883799692862e-12, 2.9005100164641994e-11, 2.880807339317472e-12, 7.013086626288065e-13, 5.506119202233457e-13, 4.0815060798817115e-13, 1.0587643805958931e-12, 8.7221074590343e-13, 3.906876097538902e-12, 2.0593261573211204e-12, 5.4615734233262954e-12, 4.7867180693772124e-12, 2.1138842404518492e-12, 3.991128259676346e-12, 2.1699146982600634e-12, 1.2364773074261735e-12, 5.244535125358586e-13, 5.63337389998463e-13, 7.179828825322478e-13, 1.0532929327742836e-12, 2.1688256927583755e-12, 1.5172234272264356e-12]","[3.6095581563457873e-13, 3.886674393905941e-13, 4.4896484361787224e-13, 3.706286316224628e-13, 5.14799489821796e-13, 9.842577357488576e-13, 0.06005770185354959, 4.065269081150915e-10, 1.7866185971943103e-12, 8.099062518912638e-13, 8.201035800623681e-13, 5.902274013170701e-13, 6.112450436663345e-13, 5.601807452487556e-13, 1.038067192402153e-12, 6.332289171080871e-13, 6.269214588196012e-13, 6.56350429420682e-13, 4.241667053894434e-12, 1.3671527365672865e-12, 1.0855883144271932e-12, 7.724791899277441e-13, 5.963289164328703e-13, 5.978203449157319e-13]","[0.0, 0.057491833812998286, 0.06353567759369566, 0.06347214192022821, 0.06340866980547269, 0.06334526113786208, 0.0632819158763544, 4.3094891544193104e-10, 2.982648430297289e-12, 2.1048407884917114e-12, 2.078803259583832e-12, 4.924989822604764e-12, 6.2551326808508344e-12, 1.0793956464891717e-11, 1.474088073196807e-11, 1.564162757187362e-11, 1.8751001036143656e-11, 2.013375167338131e-11, 2.0597376174898916e-11, 1.661009694732315e-11, 1.5689549227119327e-11, 1.5213218874795534e-11, 1.5385497952658683e-11, 1.6802782213949777e-11, 1.7598057114005433e-11]"
2026-03-16T09:37:42.072886+00:00,2026-03-17,optimal,0.0,"[54.653922871431966, 50.30274180726321, 43.72689978841694, 34.851679686647714, 34.9455076238551, 52.15228479920031, 92.2029513938072, 104.25409705735198, 89.60949298460224, 47.369346468483, 32.76021845459916, 23.348066270770993, 13.686467978720922, 11.352936599795113, 14.33555425138881, 21.631000898564505, 28.84177735538415, 39.931775484956326, 92.13111452997559, 74.60003960416162, 64.30919255316554, 53.98276956313791, 46.65501414202888, 42.75651387677082]","[6.127754200976822e-12, 7.656049142431436e-12, 1.4785661594245516e-11, 0.06490148757276339, 0.06448583794213124, 2.834684155775582e-12, 6.113405929844965e-13, 3.4336129046745703e-13, 7.978527692882241e-13, 1.8733048956366143e-12, 5.312688551263811e-12, 1.688872317098143e-11, 0.08675537472432868, 0.12022472734984521, 0.078888126134512, 2.23081134288046e-11, 5.2638808475104e-12, 1.7170816573521791e-12, 4.101271338418219e-13, 6.011096477279886e-13, 7.605250960051845e-13, 9.71397908369053e-13, 1.2338184350915384e-12, 1.4414954289349742e-12]","[8.92430095628318e-13, 9.21057098725635e-13, 8.199096127034051e-13, 5.326817469201402e-13, 5.488029258944524e-13, 7.828928296216088e-13, 9.522456240918286e-12, 0.11636369725099519, 8.10210238676488e-12, 9.574342461026524e-13, 1.2784246685252128e-12, 7.9822883585378e-13, 5.721758660029946e-13, 5.781799925947377e-13, 6.148714606455183e-13, 8.136679254175346e-13, 9.036375783754664e-13, 2.658301899253122e-12, 0.25184149087036034, 0.004855328061462617, 4.652785260915286e-12, 1.818069445849892e-12, 1.3778117152897057e-12, 1.203588590687203e-12]","[0.0, 4.8819663902665936e-12, 1.1180797321053944e-11, 2.435293228805202e-11, 0.06165641321789308, 0.12285630284912218, 0.1227334465481419, 0.1226107130921509, 9.916317766922589e-12, 2.1358327518059212e-12, 2.905511047695581e-12, 6.603949482953545e-12, 2.1801391666056864e-11, 0.08241760600928953, 0.19654867938502457, 0.2712958505327787, 0.2710245547025822, 0.2707535301519291, 0.2704827766206102, 0.005115987665052557, 3.431369945128271e-11, 3.010421589733605e-11, 2.9083182382968377e-11, 2.8775898592564788e-11, 2.884960799284234e-11]"
2026-03-17T09:12:32.334844+00:00,2026-03-18,optimal,0.0,"[30.98241314300924, 36.49971366475639, 28.37777118263197, 17.421050935404185, 21.826239739206905, 33.29400901193483, 68.43736712924176, 86.74981437911596, 66.93848274145012, 36.31904220521535, 23.151485005632082, 12.763219224162077, 9.157216927591472, 5.75896324340058, 6.905750810949942, 6.870679337617209, 8.946880960703584, 15.589601225778571, 76.02426647318038, 72.60341162069314, 58.9176715406051, 37.27161251779436, 30.98071791336802, 21.113120844854137]","[5.102567756721245e-11, 1.2045065139919088e-11, 3.218991009179164e-11, 0.09273003725030492, 0.03171388461384899, 1.223772440957677e-11, 3.814069476773728e-12, 1.7018053262636631e-12, 2.919624375436053e-12, 6.088326587541893e-12, 2.0884179163249928e-11, 1.4728748870576987e-10, 0.03419570722820045, 0.08227742092563071, 0.06668905660556096, 0.06769051614897734, 0.039150907151968825, 7.181210689702721e-11, 1.6835137185043004e-12, 1.748508541451473e-12, 2.1706007800602137e-12, 3.931700993627216e-12, 5.063928742012852e-12, 7.50804960271171e-12]","[2.8619656434757677e-12, 2.869586356354107e-12, 2.2097040999287103e-12, 1.7778497506011147e-12, 1.8822313029146877e-12, 2.4401799519080805e-12, 1.2658407498189996e-11, 0.11189060639090882, 1.2603410963776498e-11, 3.4326592866356092e-12, 2.4725889576107255e-12, 1.9864733234090708e-12, 1.7704990930446115e-12, 2.1576726494913045e-12, 1.997750644565571e-12, 2.2960158636467698e-12, 1.7409556266002966e-12, 2.255775330930634e-12, 0.1546825350953736, 0.10589037494434789, 2.316580985172848e-11, 4.930087376248827e-12, 3.789533903556753e-12, 2.981477680829308e-12]","[0.0, 4.5461798274666804e-11, 5.383853114210042e-11, 8.203910288244594e-11, 0.08809353546787531, 0.11813363231358269, 0.11801549869032633, 0.11789748318193474, 2.5728655317358573e-11, 1.5209821435782834e-11, 1.736519630763226e-11, 3.4585076097874454e-11, 1.7238258074130103e-10, 0.03248592203713694, 0.11061698599217773, 0.17386097277936555, 0.23799310214569777, 0.27494847083608986, 0.27467352243110077, 0.11157512775724415, 5.815022074973086e-11, 3.576907826821888e-11, 3.427885947468723e-11, 3.5066329863749216e-11, 3.90255130976939e-11]"
2026-03-18T09:11:34.050884+00:00,2026-03-19,optimal_inaccurate,0.0,"[2.499691075640818, 4.3755931665011785, 1.664965762549869, 2.375083765507781, 11.188162031512078, 25.04286610571738, 43.10599905646946, 53.96261848121356, 25.588201014756304, 6.657044093262757, -1.438777881753494, -3.215766374207259, -3.5171524271727597, -3.5171524271727597, -1.6813313807696508, -1.9590652423975978, 0.5803472931847601, 11.254582424640917, 48.59947950872727, 50.1776338257447, 32.66392246884545, 18.785216647886323, 13.899768539682272, 12.519801511813311]","[1.3963879738933586e-06, 2.1798996450445988e-07, 0.001228762715338058, 9.002938339869739e-07, 5.406713920134994e-08, 2.236699050189179e-08, 1.2096649537458561e-08, 9.525118440601694e-09, 2.0675963167540467e-08, 6.622711890040005e-08, 4.97323775991296e-07, 0.004105038898219532, 0.008450900922391499, 0.008745302157067406, 4.5434557361131964e-07, 6.128635781193875e-07, 1.6017055944334173e-07, 3.421392295865591e-08, 9.766252661485315e-09, 9.229420142698034e-09, 1.4124959793310562e-08, 2.0665269194713727e-08, 2.2645156394001897e-08, 2.1984913173696537e-08]","[1.0235046181614286e-08, 1.1662808077442781e-08, 1.0718231560714901e-08, 1.065228360840813e-08, 1.3484266308130202e-08, 1.7731764877855597e-08, 4.7750884255856405e-08, 0.001105479434717669, 1.884804238074529e-08, 1.2439189372870103e-08, 1.0184540457290045e-08, 9.837715358641693e-09, 9.623863476520232e-09, 9.788620136876852e-09, 1.0129362568265198e-08, 1.006704833878834e-08, 1.0773321671890902e-08, 1.4814687446123494e-08, 4.402547829173366e-06, 0.01909154755783379, 3.60178280464693e-08, 2.0130318935620548e-08, 1.8840863396765442e-08, 1.9471009939671444e-08]","[0.0, 1.3157948423759387e-06, 1.509292873731281e-06, 0.0011688210808030015, 0.001168496325934372, 0.001167364999426144, 0.0011662002180520337, 0.001164995245562352, 1.7673631860413118e-07, 1.7636170268337968e-07, 2.2600722038568674e-07, 6.875182314546217e-07, 0.0039004634285319272, 0.011924908710992712, 0.020221010547685086, 0.02020121050294542, 0.020181580915948696, 0.020161540156725617, 0.020141395525387865, 0.02011662914692969, 1.554353805353903e-07, 1.3078515375169017e-07, 1.2909656492700018e-07, 1.3064787915030608e-07, 1.3090709884967122e-07]"
2026-03-19T09:07:13.820399+00:00,2026-03-20,optimal,0.0,"[7.053329275997643, 10.66468803072629, 10.01069258347336, 10.313560173639104, 15.805777981903399, 28.957541489327266, 39.57214580250526, 47.60703400009776, 23.89468947377996, 1.8954285805583935, -0.4411126086959921, -1.3061034044816286, -2.387811824041261, -1.3061034044816286, -0.2785798502489898, -0.2785798502489898, 2.1676097955961855, 7.333006676885644, 49.565821754603846, 49.08550998258956, 28.864408191470336, 15.924156593636123, 11.019525902176548, 9.798048226446165]","[4.295436596724868e-12, 9.801552045699731e-13, 9.771049747811229e-13, 1.0255081104746853e-12, 4.629434636654882e-13, 2.062499372724471e-13, 1.2567263913395433e-13, 8.615154474336659e-14, 2.1991806839145614e-13, 2.5902461083162125e-12, 1.0204195321391743e-11, 1.692511148617897e-11, 0.0017935130275166704, 1.7262575900255147e-11, 7.75022959345587e-12, 4.8763996633737805e-12, 1.506364484479174e-12, 7.077439474663715e-13, 8.747708994958457e-14, 7.751966067502482e-14, 1.6418066523611795e-13, 2.7475574420822847e-13, 3.333291500099721e-13, 3.222314408683841e-13]","[1.7298326690611592e-13, 1.5952639583667827e-13, 1.3238250722169803e-13, 1.3505785517796252e-13, 1.619272272245961e-13, 2.8696938290054847e-13, 5.31776587938293e-13, 1.474873862296919e-12, 2.763203212260379e-13, 1.505672919455445e-13, 1.529889512221985e-13, 2.4986111303644737e-13, 8.595821292288514e-14, 8.78553283194975e-14, 9.496763458795358e-14, 9.221360599376463e-14, 1.058003637233763e-13, 1.2530471083937896e-13, 0.0016089579090406742, 2.910726268806776e-11, 3.839158058878626e-13, 2.2520018267531872e-13, 1.957008731800949e-13, 1.9990279700729416e-13]","[0.0, 3.898577117513766e-12, 4.657903462804381e-12, 5.4421452777818555e-12, 6.268769674109801e-12, 6.531847482049909e-12, 6.419180040344527e-12, 5.97238503807271e-12, 4.495757818123026e-12, 4.4093207292493775e-12, 6.707153325162062e-12, 1.6233390725872534e-11, 3.203300154908358e-11, 0.001703837408051323, 0.0017021335869502395, 0.0017004314606260415, 0.0016987310337009283, 0.0016970323039869049, 0.001695335272223375, 3.278091361726132e-11, 2.1825524991087412e-12, 1.9322196776493523e-12, 1.9542525911007636e-12, 2.0629601118821942e-12, 2.1565930237454937e-12]"
2026-03-20T09:03:41.793573+00:00,2026-03-21,optimal,0.0,"[28.595917541162184, 21.02755557620905, 12.513540532252303, 11.611934190912184, 15.690875251983552, 18.0021229745016, 35.40578770032261, 39.51556751236458, 22.36859972924605, 5.4661084682832435, -0.3806505531972572, -0.02409291653131046, 0.17969551387714383, 1.2775729618981209, 4.332190739767363, 5.680354776297022, 9.466356306224041, 31.00295655503118, 82.77903990705651, 76.97041531993708, 66.36419445784804, 57.66859353779902, 42.32435544739823, 30.020307390764604]","[1.1560620798294746e-09, 1.3980204827901954e-09, 6.845172403424057e-09, 8.430107795150994e-09, 1.781142079800055e-09, 1.2169903255897982e-09, 3.8902468176342166e-10, 3.2970242689856997e-10, 7.452875388294425e-10, 0.045373878280012235, 0.12798008030337243, 0.12342552230911503, 0.12102502552815447, 0.10603383368983277, 0.06358352301746817, 0.04518490003397769, 2.3061958855459143e-08, 4.5434793647932473e-10, 1.3311287776520552e-10, 1.5336385986817112e-10, 1.9423685810914697e-10, 1.990017633449042e-10, 2.712124667084931e-10, 3.465683514727752e-10]","[2.1080585247656132e-10, 3.222728355148945e-10, 2.0160909651266603e-10, 1.9211098035073016e-10, 2.181009367303937e-10, 2.1293097793979505e-10, 3.9681555638269503e-10, 4.296883142751815e-10, 3.4847372406680253e-10, 1.753936395434401e-10, 1.6881807464191312e-10, 1.747033781476986e-10, 1.6246654524836884e-10, 1.6948853526697083e-10, 1.7833589701067082e-10, 1.8041832444350568e-10, 1.8453823689506516e-10, 3.4601794627516696e-10, 0.2941623042543241, 0.21144485211108802, 0.061437846233890904, 3.2499697255805985e-09, 6.579978440943466e-10, 4.437897529978889e-10]","[0.0, 8.763580784942522e-10, 1.864366615366554e-09, 8.15319593041176e-09, 1.5951423055295076e-08, 1.7397976674649418e-08, 1.8312581635769502e-08, 1.824614191614299e-08, 1.8088809591069768e-08, 1.841192949698056e-08, 0.04310520257490431, 0.16464317348282997, 0.28173277631910815, 0.3964248176235184, 0.496760534632827, 0.556668120777067, 0.5990371074986548, 0.5984380921057664, 0.5978396540810617, 0.28759728375941246, 0.0647361580833613, 5.0214967461936766e-09, 1.784506160856091e-09, 1.3477441884953068e-09, 1.2084892697871173e-09]"
2026-03-21T08:54:44.745145+00:00,2026-03-22,optimal,0.0,"[34.882218503815665, 30.407692472480825, 16.61352494149644, 17.267496436392275, 27.315148328475757, 30.445996750045715, 33.45049852842646, 34.76847227165394, 22.766154468599797, 8.934292731270267, 0.9248437900539829, 2.708845279004319, 3.728067471615499, 4.411821372539006, 9.135703865817774, 9.596876503491792, 14.563271775504097, 35.23721083307907, 89.66125222286885, 65.78838592764068, 52.034406417296665, 39.87586546066636, 38.039808588803695, 36.87568126923094]","[1.5437069818522146e-11, 8.59111931218734e-12, 5.204713835865576e-11, 2.9857814359783215e-11, 7.606934292354687e-12, 5.9476210379105125e-12, 5.0858014572829045e-12, 4.721947702881579e-12, 9.059213821334921e-12, 0.01642714681316231, 0.1291153307223424, 0.10447471307621317, 0.09062581689568666, 0.08150583946983683, 0.016051563520933343, 0.010209733827046654, 4.0020143241281754e-11, 4.259844358387653e-12, 1.2121843191336562e-12, 1.956925428166424e-12, 2.64582491152335e-12, 3.4660456755871085e-12, 3.3189421162214646e-12, 2.969791391273122e-12]","[2.9355492163529987e-12, 2.634575711434733e-12, 2.1288515378525076e-12, 2.1975550660073445e-12, 2.6373887933912676e-12, 2.711203877103318e-12, 3.2868816696997053e-12, 5.0098373611068825e-12, 2.689685506622701e-12, 2.210912254173363e-12, 2.4632679183913858e-12, 2.236572824334113e-12, 1.945413732241852e-12, 1.980980627989494e-12, 2.119719263440202e-12, 2.1134771789291988e-12, 2.2486899214987106e-12, 3.849254088166e-12, 0.3697303542476709, 0.03226555917326075, 1.162568575588708e-11, 5.4622173792661834e-12, 5.676273984967655e-12, 6.4770718514105476e-12]","[0.0, 1.1575164520908671e-11, 1.6951915111981806e-11, 6.413884828195858e-11, 9.012641721651557e-11, 9.448667964715047e-11, 9.718853413551481e-11, 9.84629815440089e-11, 9.757685586851094e-11, 1.0325428424120249e-10, 0.015605789573327946, 0.13824974796738698, 0.23736247563946783, 0.3232196392126829, 0.40032696706772997, 0.41517562544331765, 0.42445969695134395, 0.4240352372900447, 0.42361120205274966, 0.03399774427535274, 3.4767251577694225e-11, 2.5008454038498367e-11, 2.25264864717769e-11, 1.9681929748381144e-11, 1.566557927043639e-11]"
2026-03-22T08:56:05.715143+00:00,2026-03-23,optimal,0.0,"[16.474226313064868, 17.300848772304025, 17.300750787464004, 18.66973074323477, 27.517004230901534, 43.86021549227566, 97.47326119660818, 78.40617749793591, 53.94200753778425, 28.672953388367407, 14.225557681130178, 13.323438552216846, 11.721448343864129, 9.262731642816616, 9.347192972538988, 9.574256579786955, 19.545586210385032, 37.17391839154416, 92.58804770083925, 77.23993427784507, 65.99659709359376, 62.36874164139925, 49.52890359952703, 48.7763780773979]","[0.09210018904439822, 0.08115249323749374, 0.08182498545386846, 0.06328382559726795, 2.1382857669789938e-09, 4.454057069601119e-10, 1.199158229215332e-10, 1.9779532346876067e-10, 2.8537104297161647e-10, 8.845841686574271e-10, 0.03170122049797926, 0.044851293122690955, 0.06785569391471584, 0.10298667556420038, 0.1023789390029421, 0.09976511449176627, 3.275959563320207e-09, 4.444582530788746e-10, 1.2682346087517114e-10, 1.578292512205454e-10, 1.8555896989099803e-10, 1.8724491593790827e-10, 2.470076494931893e-10, 2.492758679441776e-10]","[1.501016594038018e-10, 1.609164079676021e-10, 1.1866175796004663e-10, 1.5092391818739664e-10, 1.407423880355049e-10, 2.776472272887562e-10, 0.2774704046317813, 0.008513259391000784, 6.129433122182478e-10, 2.1762295698028977e-10, 1.6019347655529824e-10, 1.67206116017193e-10, 1.6101930809291755e-10, 2.731111236681456e-10, 1.521646524343283e-10, 1.5109691080691403e-10, 1.852435014765307e-10, 2.8043981964901495e-10, 0.3105597566457456, 0.09307618173033687, 2.4359710717301974e-09, 1.4984321949082098e-09, 5.230571257695337e-10, 5.880126566844688e-10]","[0.0, 0.08749517943417655, 0.16450255266097571, 0.24207178616458266, 0.3019493485369553, 0.30164740107163995, 0.3013457538014435, 0.008970298022844991, 2.2379900363467264e-09, 1.8616510505878913e-09, 2.4710675629405015e-09, 0.030116161773052076, 0.07269477390182899, 0.1370849881774132, 0.23478524468774073, 0.33181045133567466, 0.42625549949246755, 0.4258292469101435, 0.4254034177902689, 0.09807300749743925, 6.502682892151057e-09, 4.108281155149883e-09, 2.7047584968639466e-09, 2.386124557207156e-09, 2.001589815950108e-09]"
2026-03-23T09:34:30.636315+00:00,2026-03-24,optimal_inaccurate,0.0,"[65.98704274158104, 62.80352708796852, 45.081071107281055, 41.491405904777686, 56.51370271909018, 79.1894688176546, 133.55517707461667, 172.497630299559, 130.34598942888726, 88.75804576445327, 66.52520639600023, 61.88007544402015, 42.654040353141944, 35.04100084952233, 27.557324696386765, 27.623234302290747, 35.921739806463336, 64.94326947950172, 115.48528742023362, 107.10757873621732, 92.57004903872586, 90.78272722352095, 91.46342169961453, 94.81389784338344]","[0.011574712599687053, 0.057093443929132286, 0.3085276836598266, 0.36068347431210945, 0.14945385947330336, 4.9262234116372774e-08, 8.814509000416367e-09, 5.997792591403924e-09, 1.052267086101999e-08, 1.739522091379892e-08, 3.905584873325437e-08, 3.6223377290445424e-08, 1.0041982136483906e-06, 0.09382607062109882, 0.20032243469660152, 0.20033074189090141, 0.08424876503513094, 2.5286803035419745e-08, 8.354089121869478e-09, 9.060256566116451e-09, 1.1252186712980352e-08, 1.1697144026214748e-08, 1.1816703947343897e-08, 1.1082227576529284e-08]","[8.116830681324032e-09, 8.744432818186333e-09, 7.353964994791595e-09, 7.0340398522682796e-09, 8.430037664341533e-09, 1.1551046039553454e-08, 0.09839051178991245, 0.6485131783851446, 0.050487228175194174, 1.979064361693352e-08, 1.3635592583077327e-08, 1.3702256135096476e-08, 1.0187850126846615e-08, 9.231789243323186e-09, 8.341321385346853e-09, 8.3463848225676e-09, 9.443266224459237e-09, 1.5292530571541578e-08, 0.23859330146292027, 0.11923543064867546, 9.451380794645231e-08, 7.636742204659315e-08, 8.205663117975923e-08, 1.4975766540212006e-07]","[0.0, 0.010995968425670404, 0.06522373498525427, 0.35825980298608845, 0.7005508363753539, 0.8418314431648929, 0.8409896463618546, 0.736579705310421, 0.053197680371282474, 4.197671779615497e-08, 3.76279445075904e-08, 6.034011750906675e-08, 8.026855830685296e-08, 1.0234525399494154e-06, 0.0891357798014584, 0.2793529482030901, 0.4693877912655751, 0.5489547203174037, 0.5484057735221486, 0.2967065320398319, 0.1708988544848511, 0.17072786683172475, 0.17055706969041978, 0.1703864374711969, 0.1702159039221941]"
2026-03-24T09:12:53.466912+00:00,2026-03-25,optimal,0.0,"[33.12861493554453, 33.21914105011894, 25.864314101897413, 17.695299715650982, 25.96871616675214, 42.72878422337964, 100.67789936684626, 111.82450061659482, 93.72014607260074, 68.4594244343514, 25.972724202044517, 13.229915560484317, 4.765266324343642, 0.7312927340512392, 3.562341363988459, 3.562341363988459, 13.10194679194957, 24.926284087886923, 59.56494795128769, 60.52789976518254, 38.736290870636196, 27.816966942136578, 20.2818729377124, 22.52486300989538]","[0.021094863426841592, 0.020663354676024988, 0.12456331434783452, 0.24078411787178663, 0.12476795213672812, 3.982281831793395e-11, 3.751758118608266e-12, 1.819085378724016e-12, 2.5517172780304376e-12, 4.206250432334338e-12, 1.9357145948201758e-11, 5.020773713748896e-11, 0.018039531996774626, 0.07476477269270078, 0.035578034199445746, 0.03600655466164076, 2.2767923100969946e-11, 9.378981538251227e-12, 2.8280344153251196e-12, 2.762170697690637e-12, 5.025447243535543e-12, 8.22775701784926e-12, 2.344125338006401e-11, 1.2403597844031022e-11]","[2.5932596963555513e-12, 2.614888187156576e-12, 2.310248765279482e-12, 1.9263495527099038e-12, 2.2390879298609696e-12, 3.266144451473476e-12, 0.14035822542193976, 0.2970083015298004, 0.04073813010964521, 1.6163876254450825e-11, 4.693569405590816e-12, 3.849846031028935e-12, 2.8520847269221965e-12, 2.635079395995911e-12, 2.773478158855794e-12, 2.7966825419598493e-12, 3.602258376642349e-12, 4.913780203122531e-12, 0.010830721640403863, 0.0236198601494707, 7.689679518567998e-12, 5.337964861464421e-12, 4.235227403189388e-12, 4.4962842436389e-12]","[0.0, 0.020040120252769765, 0.03965026707198822, 0.15794576543292718, 0.38653273164366386, 0.504675753439555, 0.504171077720509, 0.35592140620220547, 0.042925167397941444, 1.2288461914700122e-11, -7.42495220129406e-13, 1.2706936551576268e-11, 5.6339110389292954e-11, 0.017137555450216467, 0.08814695195005821, 0.12185793748466216, 0.15594230647279234, 0.15578636418415723, 0.15563057782371073, 0.1440741876270959, 0.11906710275843949, 0.11894803565236083, 0.11882908761890593, 0.11871025854909809, 0.11859154829759948]"
